run_id,scenario,transport,filesize,domain,resolved_ip,path,dns_time_s,dns_retries,http_time_s,total_time_s,bytes,throughput_mbps,retransmissions,status,auth_ok,ok,timestamp
1,A,tcp,100kb,webserver.redes2.local,172.28.0.10,/file_100kb.bin,0.04980488800038074,0,0.11665975200003231,0.16715160000012474,102400,7.022130477354119,0,HTTP/1.1 200 OK,True,True,1782072977.10169
2,A,tcp,100kb,webserver.redes2.local,172.28.0.10,/file_100kb.bin,0.02073408099977314,0,0.08465257700026996,0.10560974000009082,102400,9.67720096692848,0,HTTP/1.1 200 OK,True,True,1782072977.4717522
3,A,tcp,100kb,webserver.redes2.local,172.28.0.10,/file_100kb.bin,0.021326192999822524,0,0.08188556100003552,0.10334430099965175,102400,10.004205747575504,0,HTTP/1.1 200 OK,True,True,1782072977.8524609
4,A,tcp,100kb,webserver.redes2.local,172.28.0.10,/file_100kb.bin,0.02103430400029538,0,0.081511318000139,0.10297487000025285,102400,10.05013806792577,0,HTTP/1.1 200 OK,True,True,1782072978.2275457
5,A,tcp,100kb,webserver.redes2.local,172.28.0.10,/file_100kb.bin,0.020560896000006323,0,0.0813747649999641,0.10206315000004906,102400,10.067002958476886,0,HTTP/1.1 200 OK,True,True,1782072978.5676525
6,A,tcp,100kb,webserver.redes2.local,172.28.0.10,/file_100kb.bin,0.020772428999862314,0,0.08138566999969044,0.10233840199998667,102400,10.065654064199705,0,HTTP/1.1 200 OK,True,True,1782072978.9064944
7,A,tcp,100kb,webserver.redes2.local,172.28.0.10,/file_100kb.bin,0.020687013000042498,0,0.08107842599974902,0.10200958799987347,102400,10.103797525651718,0,HTTP/1.1 200 OK,True,True,1782072979.249206
8,A,tcp,100kb,webserver.redes2.local,172.28.0.10,/file_100kb.bin,0.020643421999920974,0,0.08141815099997984,0.10279266599991388,102400,10.061638466835273,0,HTTP/1.1 200 OK,True,True,1782072979.5933893
9,A,tcp,100kb,webserver.redes2.local,172.28.0.10,/file_100kb.bin,0.020558791999974346,0,0.08136217999981454,0.10204201000033208,102400,10.06856010989218,0,HTTP/1.1 200 OK,True,True,1782072979.9282274
10,A,tcp,100kb,webserver.redes2.local,172.28.0.10,/file_100kb.bin,0.021127833000264218,0,0.08134423699993931,0.1030809250000857,102400,10.070781043783239,0,HTTP/1.1 200 OK,True,True,1782072980.2739904
1,A,rudp,100kb,webserver.redes2.local,172.28.0.10,/file_100kb.bin,0.020687775000169495,0,1.817271941999934,1.8385171939999054,102400,0.45078558748805564,0,HTTP/1.1 200 OK,True,True,1782072982.442439
2,A,rudp,100kb,webserver.redes2.local,172.28.0.10,/file_100kb.bin,0.020741582000027847,0,1.7927887280002324,1.8137564849998853,102400,0.45694173953992745,0,HTTP/1.1 200 OK,True,True,1782072984.5065079
3,A,rudp,100kb,webserver.redes2.local,172.28.0.10,/file_100kb.bin,0.020427963999736676,0,1.7935792640000727,1.8146856599996681,102400,0.4567403384074621,0,HTTP/1.1 200 OK,True,True,1782072986.641059
4,A,rudp,100kb,webserver.redes2.local,172.28.0.10,/file_100kb.bin,0.021105717999944318,0,1.8088032949999615,1.8301804099996843,102400,0.45289612323490236,0,HTTP/1.1 200 OK,True,True,1782072988.731867
5,A,rudp,100kb,webserver.redes2.local,172.28.0.10,/file_100kb.bin,0.020805557999665325,0,1.8046329789999618,1.826084806000381,102400,0.4539427182883248,0,HTTP/1.1 200 OK,True,True,1782072990.8168743
6,A,rudp,100kb,webserver.redes2.local,172.28.0.10,/file_100kb.bin,0.02077036799983034,0,1.8000846129998536,1.8214309259997208,102400,0.4550897186076145,0,HTTP/1.1 200 OK,True,True,1782072992.9032738
7,A,rudp,100kb,webserver.redes2.local,172.28.0.10,/file_100kb.bin,0.020984181000130775,0,1.798884125999848,1.820022833999701,102400,0.45539342315596665,0,HTTP/1.1 200 OK,True,True,1782072995.0035882
8,A,rudp,100kb,webserver.redes2.local,172.28.0.10,/file_100kb.bin,0.020590628999798355,0,1.7977528939995864,1.8185720449996552,102400,0.45567997845213787,0,HTTP/1.1 200 OK,True,True,1782072997.0616345
9,A,rudp,100kb,webserver.redes2.local,172.28.0.10,/file_100kb.bin,0.020496911000009277,0,1.798469899000338,1.8191064889997506,102400,0.4554983102332401,0,HTTP/1.1 200 OK,True,True,1782072999.1535196
10,A,rudp,100kb,webserver.redes2.local,172.28.0.10,/file_100kb.bin,0.02050314700045419,0,1.7961728130003394,1.8167951489995176,102400,0.45608083702792646,0,HTTP/1.1 200 OK,True,True,1782073001.2740455
1,A,tcp,1mb,webserver.redes2.local,172.28.0.10,/file_1mb.bin,0.02062796999962302,0,0.18204779300049267,0.20319924900013575,1048576,46.07915241234096,0,HTTP/1.1 200 OK,True,True,1782073001.8155594
2,A,tcp,1mb,webserver.redes2.local,172.28.0.10,/file_1mb.bin,0.020848687000579957,0,0.1731560089992854,0.19510570999955235,1048576,48.44537621581829,0,HTTP/1.1 200 OK,True,True,1782073002.286343
3,A,tcp,1mb,webserver.redes2.local,172.28.0.10,/file_1mb.bin,0.020390874999975495,0,0.17762700899947959,0.1985597590000907,1048576,47.22597113609326,0,HTTP/1.1 200 OK,True,True,1782073002.7385375
4,A,tcp,1mb,webserver.redes2.local,172.28.0.10,/file_1mb.bin,0.020575835999807168,0,0.18442282600062754,0.20601305099989986,1048576,45.48573613101154,0,HTTP/1.1 200 OK,True,True,1782073003.2094553
5,A,tcp,1mb,webserver.redes2.local,172.28.0.10,/file_1mb.bin,0.02047138299985818,0,0.17645810100020753,0.19822191699950054,1048576,47.538809226957135,0,HTTP/1.1 200 OK,True,True,1782073003.651385
6,A,tcp,1mb,webserver.redes2.local,172.28.0.10,/file_1mb.bin,0.02090630200018495,0,0.17305773699990823,0.19446279400017374,1048576,48.47288624838801,0,HTTP/1.1 200 OK,True,True,1782073004.117951
7,A,tcp,1mb,webserver.redes2.local,172.28.0.10,/file_1mb.bin,0.04204780399959418,0,0.18814923699937935,0.23087865399975271,1048576,44.58486323825842,0,HTTP/1.1 200 OK,True,True,1782073004.7198477
8,A,tcp,1mb,webserver.redes2.local,172.28.0.10,/file_1mb.bin,0.020802240999728383,0,0.1848130250000395,0.2062681050001629,1048576,45.38970129404141,0,HTTP/1.1 200 OK,True,True,1782073005.2064447
9,A,tcp,1mb,webserver.redes2.local,172.28.0.10,/file_1mb.bin,0.020499694000136515,0,0.17199069199978112,0.19298231700031465,1048576,48.77361619087314,0,HTTP/1.1 200 OK,True,True,1782073005.6858613
10,A,tcp,1mb,webserver.redes2.local,172.28.0.10,/file_1mb.bin,0.020554686999275873,0,0.1723408890002247,0.1934390070000518,1048576,48.674508113910576,0,HTTP/1.1 200 OK,True,True,1782073006.1525657
1,A,rudp,1mb,webserver.redes2.local,172.28.0.10,/file_1mb.bin,0.02053898600024695,0,6.545883578999565,6.566972706999877,1048576,1.2815088900927363,0,HTTP/1.1 200 OK,True,True,1782073013.098751
2,A,rudp,1mb,webserver.redes2.local,172.28.0.10,/file_1mb.bin,0.02060220000021218,0,6.567727110000305,6.589151363000383,1048576,1.2772467338399525,0,HTTP/1.1 200 OK,True,True,1782073019.9983768
3,A,rudp,1mb,webserver.redes2.local,172.28.0.10,/file_1mb.bin,0.020842743000685005,0,6.549855502000355,6.571176662999278,1048576,1.2807317653707142,0,HTTP/1.1 200 OK,True,True,1782073026.8456917
4,A,rudp,1mb,webserver.redes2.local,172.28.0.10,/file_1mb.bin,0.02069494100032898,0,6.532322395999472,6.553541147000033,1048576,1.2841693185776248,0,HTTP/1.1 200 OK,True,True,1782073033.6606603
5,A,rudp,1mb,webserver.redes2.local,172.28.0.10,/file_1mb.bin,0.02099559100042825,0,6.516392909999922,6.537914020000244,1048576,1.2873085027035456,0,HTTP/1.1 200 OK,True,True,1782073040.4962404
6,A,rudp,1mb,webserver.redes2.local,172.28.0.10,/file_1mb.bin,0.020767214999978023,0,6.536243524000383,6.557520639999893,1048576,1.283398938426626,0,HTTP/1.1 200 OK,True,True,1782073047.3617537
7,A,rudp,1mb,webserver.redes2.local,172.28.0.10,/file_1mb.bin,0.020609006000086083,0,6.561901727000077,6.582960529000047,1048576,1.2783806202832366,0,HTTP/1.1 200 OK,True,True,1782073054.2338135
8,A,rudp,1mb,webserver.redes2.local,172.28.0.10,/file_1mb.bin,0.02047880999998597,0,6.540086558999974,6.561070321999978,1048576,1.2826447974845578,0,HTTP/1.1 200 OK,True,True,1782073061.058899
9,A,rudp,1mb,webserver.redes2.local,172.28.0.10,/file_1mb.bin,0.020882150000034017,0,6.54631329699987,6.567650491000677,1048576,1.2814247683263864,0,HTTP/1.1 200 OK,True,True,1782073067.9143674
10,A,rudp,1mb,webserver.redes2.local,172.28.0.10,/file_1mb.bin,0.020649754999794823,0,6.535892464999961,6.556952057000672,1048576,1.283467872967835,0,HTTP/1.1 200 OK,True,True,1782073074.7749043
1,A,tcp,10mb,webserver.redes2.local,172.28.0.10,/file_10mb.bin,0.020613070999388583,0,2.4502145680007743,2.4750478870000734,10485760,34.23621796047271,0,HTTP/1.1 200 OK,True,True,1782073077.6276832
2,A,tcp,10mb,webserver.redes2.local,172.28.0.10,/file_10mb.bin,0.02065821100040921,0,2.9663235950001763,2.9912616290002916,10485760,28.279477040668255,0,HTTP/1.1 200 OK,True,True,1782073080.8713098
3,A,tcp,10mb,webserver.redes2.local,172.28.0.10,/file_10mb.bin,0.020841491999817663,0,2.762271708999833,2.787542107000263,10485760,30.368511441755878,0,HTTP/1.1 200 OK,True,True,1782073083.9500241
4,A,tcp,10mb,webserver.redes2.local,172.28.0.10,/file_10mb.bin,0.020669505999649118,0,2.645170319000499,2.6707983010001044,10485760,31.712921998798585,0,HTTP/1.1 200 OK,True,True,1782073086.937338
5,A,tcp,10mb,webserver.redes2.local,172.28.0.10,/file_10mb.bin,0.020580568000696076,0,2.6025040430004083,2.62728976300059,10485760,32.232833691696534,0,HTTP/1.1 200 OK,True,True,1782073089.835378
6,A,tcp,10mb,webserver.redes2.local,172.28.0.10,/file_10mb.bin,0.020873858999948425,0,2.5816221510003743,2.6069795169996723,10485760,32.49355447600815,0,HTTP/1.1 200 OK,True,True,1782073092.7213297
7,A,tcp,10mb,webserver.redes2.local,172.28.0.10,/file_10mb.bin,0.020412984999893524,0,2.5745629659995757,2.5993637850006053,10485760,32.58264843696731,0,HTTP/1.1 200 OK,True,True,1782073095.5930216
8,A,tcp,10mb,webserver.redes2.local,172.28.0.10,/file_10mb.bin,0.02056976600033522,0,2.6295286730000953,2.6545933460001834,10485760,31.901565045226246,0,HTTP/1.1 200 OK,True,True,1782073098.5082414
9,A,tcp,10mb,webserver.redes2.local,172.28.0.10,/file_10mb.bin,0.02114919700034079,0,2.6717580210006417,2.6972295929999746,10485760,31.397334392050414,0,HTTP/1.1 200 OK,True,True,1782073101.4605792
10,A,tcp,10mb,webserver.redes2.local,172.28.0.10,/file_10mb.bin,0.02092504300071596,0,2.7493473750000703,2.7746003080001174,10485760,30.51126997002256,0,HTTP/1.1 200 OK,True,True,1782073104.4840636
1,A,rudp,10mb,webserver.redes2.local,172.28.0.10,/file_10mb.bin,0.02050346400028502,0,53.859717026,53.88457447899964,10485760,1.5574920298876656,0,HTTP/1.1 200 OK,True,True,1782073158.7819145
2,A,rudp,10mb,webserver.redes2.local,172.28.0.10,/file_10mb.bin,0.020695734000582888,0,53.931271239000125,53.956383296999775,10485760,1.5554256013779666,0,HTTP/1.1 200 OK,True,True,1782073213.1263683
3,A,rudp,10mb,webserver.redes2.local,172.28.0.10,/file_10mb.bin,0.02071440200052166,0,53.77350501900037,53.798831256000085,10485760,1.5599890684150055,0,HTTP/1.1 200 OK,True,True,1782073267.269536
4,A,rudp,10mb,webserver.redes2.local,172.28.0.10,/file_10mb.bin,0.02064562599935016,0,53.80339138399995,53.82831445700049,10485760,1.559122535627857,0,HTTP/1.1 200 OK,True,True,1782073321.4719455
5,A,rudp,10mb,webserver.redes2.local,172.28.0.10,/file_10mb.bin,0.02076649999980873,0,53.74811358899933,53.773418565999236,10485760,1.5607260310837967,0,HTTP/1.1 200 OK,True,True,1782073375.6708198
6,A,rudp,10mb,webserver.redes2.local,172.28.0.10,/file_10mb.bin,0.020712426000500272,0,53.98937406099958,54.01468701700014,10485760,1.553751667971216,0,HTTP/1.1 200 OK,True,True,1782073430.0257318
7,A,rudp,10mb,webserver.redes2.local,172.28.0.10,/file_10mb.bin,0.021187678000387677,0,53.807488163000016,53.833679157000006,10485760,1.5590038276063427,0,HTTP/1.1 200 OK,True,True,1782073484.4179158
8,A,rudp,10mb,webserver.redes2.local,172.28.0.10,/file_10mb.bin,0.02078971300034027,0,53.81072827599928,53.835858354000266,10485760,1.5589099550881744,0,HTTP/1.1 200 OK,True,True,1782073538.649804
9,A,rudp,10mb,webserver.redes2.local,172.28.0.10,/file_10mb.bin,0.020737871000164887,0,53.91206245800004,53.93691889999991,10485760,1.5559797970139075,0,HTTP/1.1 200 OK,True,True,1782073593.005247
10,A,rudp,10mb,webserver.redes2.local,172.28.0.10,/file_10mb.bin,0.020911802000227908,0,53.77326503999939,53.79830056699939,10485760,1.5599960303247555,0,HTTP/1.1 200 OK,True,True,1782073647.0933638
1,B,tcp,100kb,webserver.redes2.local,172.28.0.10,/file_100kb.bin,0.10080748699965625,0,0.6200364579999587,0.7215380510006071,102400,1.3212126310160532,0,HTTP/1.1 200 OK,True,True,1782073650.158022
2,B,tcp,100kb,webserver.redes2.local,172.28.0.10,/file_100kb.bin,0.10125191000042832,0,0.5046890749999875,0.6065874979994987,102400,1.623177597018561,0,HTTP/1.1 200 OK,True,True,1782073651.0168128
3,B,tcp,100kb,webserver.redes2.local,172.28.0.10,/file_100kb.bin,0.10054776499964646,0,0.9031862109995927,1.0039764879993527,102400,0.907011189966417,0,HTTP/1.1 200 OK,True,True,1782073652.2787902
4,B,tcp,100kb,webserver.redes2.local,172.28.0.10,/file_100kb.bin,0.10062721900067118,0,0.6040888980005548,0.7048976109999785,102400,1.356091798262526,0,HTTP/1.1 200 OK,True,True,1782073653.2312949
5,B,tcp,100kb,webserver.redes2.local,172.28.0.10,/file_100kb.bin,0.1006189979998453,0,1.0043316359997334,1.105194529000073,102400,0.8156668282031668,0,HTTP/1.1 200 OK,True,True,1782073654.5690656
6,B,tcp,100kb,webserver.redes2.local,172.28.0.10,/file_100kb.bin,0.10059708100015996,0,1.9131193040002472,2.013929471000665,102400,0.4282012095571297,0,HTTP/1.1 200 OK,True,True,1782073656.838983
7,B,tcp,100kb,webserver.redes2.local,172.28.0.10,/file_100kb.bin,0.1006854100005512,0,0.9687392989999353,1.0696066459995563,102400,0.8456351475011801,0,HTTP/1.1 200 OK,True,True,1782073658.146868
8,B,tcp,100kb,webserver.redes2.local,172.28.0.10,/file_100kb.bin,0.10061129800033086,0,0.502143912000065,0.6029132620005839,102400,1.6314048232449623,0,HTTP/1.1 200 OK,True,True,1782073658.970471
9,B,tcp,100kb,webserver.redes2.local,172.28.0.10,/file_100kb.bin,1.10173345199928,1,0.5020615330004148,1.6040049040002486,102400,1.6316725065636988,0,HTTP/1.1 200 OK,True,True,1782073660.8180275
10,B,tcp,100kb,webserver.redes2.local,172.28.0.10,/file_100kb.bin,0.10040375999960816,0,0.602139719000661,0.7027056710003308,102400,1.360481586166716,0,HTTP/1.1 200 OK,True,True,1782073661.7625208
1,B,rudp,100kb,webserver.redes2.local,172.28.0.10,/file_100kb.bin,0.1006799589995353,0,2.9110754780003845,3.0122387820001677,0,0.0,0,,,False,1782073665.073473
2,B,rudp,100kb,webserver.redes2.local,172.28.0.10,/file_100kb.bin,0.10118676700039941,0,7.125476746999993,7.226783891000196,102400,0.11496774589081411,2,HTTP/1.1 200 OK,True,True,1782073672.5488343
3,B,rudp,100kb,webserver.redes2.local,172.28.0.10,/file_100kb.bin,0.10110692299986113,0,8.14468983900042,8.24594303899994,102400,0.10058087124168973,2,HTTP/1.1 200 OK,True,True,1782073681.1072712
4,B,rudp,100kb,webserver.redes2.local,172.28.0.10,/file_100kb.bin,0.10096610700020392,0,13.137812664999728,13.239330069000061,102400,0.06235436757158365,3,HTTP/1.1 200 OK,True,True,1782073694.5975828
5,B,rudp,100kb,webserver.redes2.local,172.28.0.10,/file_100kb.bin,0.10041044500030694,0,7.124106154000401,7.224988046000362,102400,0.11498986431301202,0,HTTP/1.1 200 OK,True,True,1782073702.0482728
6,B,rudp,100kb,webserver.redes2.local,172.28.0.10,/file_100kb.bin,0.10043397000026744,0,6.129168307999862,6.229807747999985,102400,0.133655980523617,0,HTTP/1.1 200 OK,True,True,1782073708.5490518
7,B,rudp,100kb,webserver.redes2.local,172.28.0.10,/file_100kb.bin,0.10136372200031474,0,11.142406093000318,11.243900202000077,102400,0.07352092475920646,1,HTTP/1.1 200 OK,True,True,1782073720.0600286
8,B,rudp,100kb,webserver.redes2.local,172.28.0.10,/file_100kb.bin,0.10047190899967973,0,9.92149728699951,10.022105356999418,102400,0.08256818263443227,2,HTTP/1.1 200 OK,True,True,1782073730.367338
9,B,rudp,100kb,webserver.redes2.local,172.28.0.10,/file_100kb.bin,0.10062399999969784,0,17.139132030000837,17.239946331000283,102400,0.04779705288261088,3,HTTP/1.1 200 OK,True,True,1782073747.8933375
10,B,rudp,100kb,webserver.redes2.local,172.28.0.10,/file_100kb.bin,0.1004191809997792,0,10.143292194999958,10.243858724999882,102400,0.08076273307041446,1,HTTP/1.1 200 OK,True,True,1782073758.3816738
1,B,tcp,1mb,webserver.redes2.local,172.28.0.10,/file_1mb.bin,0.10048494800048502,0,7.625875333999829,7.726880027000334,816488,0.856544817993237,0,HTTP/1.1 200 OK,True,True,1782073766.4422517
2,B,tcp,1mb,webserver.redes2.local,172.28.0.10,/file_1mb.bin,0.10049111900025309,0,7.721563652999976,7.822789685000316,751328,0.7784205725824402,0,HTTP/1.1 200 OK,True,True,1782073774.5876777
3,B,tcp,1mb,webserver.redes2.local,172.28.0.10,/file_1mb.bin,0.10052830400036328,0,9.941748834999999,10.042755305000355,1048576,0.8437758928758937,0,HTTP/1.1 200 OK,True,True,1782073784.8683534
4,B,tcp,1mb,webserver.redes2.local,172.28.0.10,/file_1mb.bin,0.10071202499966603,0,7.101818570999967,7.202722222000375,561640,0.6326717523237642,0,HTTP/1.1 200 OK,True,True,1782073792.3358123
5,B,tcp,1mb,webserver.redes2.local,172.28.0.10,/file_1mb.bin,0.10048414599987154,0,6.1332677599993985,6.234436851000282,1048576,1.3677224488240542,0,HTTP/1.1 200 OK,True,True,1782073798.8775477
6,B,tcp,1mb,webserver.redes2.local,172.28.0.10,/file_1mb.bin,0.10069013700012874,0,7.846548083999551,7.947612857999957,621008,0.6331528140547216,0,HTTP/1.1 200 OK,True,True,1782073807.086619
7,B,tcp,1mb,webserver.redes2.local,172.28.0.10,/file_1mb.bin,0.10051745400051004,0,8.85925871299969,8.960288741000113,1042376,0.9412760446609041,0,HTTP/1.1 200 OK,True,True,1782073816.2939522
8,B,tcp,1mb,webserver.redes2.local,172.28.0.10,/file_1mb.bin,0.1004622800001016,0,1.9112617999999202,2.0125386699992305,1048576,4.389041836131685,0,HTTP/1.1 200 OK,True,True,1782073818.5426962
9,B,tcp,1mb,webserver.redes2.local,172.28.0.10,/file_1mb.bin,0.10225183500006096,0,6.0575214659993435,6.167453795999791,663000,0.8756056465950912,0,HTTP/1.1 200 OK,True,True,1782073824.9420962
10,B,tcp,1mb,webserver.redes2.local,172.28.0.10,/file_1mb.bin,0.10057880400017893,0,11.95012907399996,12.051450040999953,890336,0.596034398950294,0,HTTP/1.1 200 OK,True,True,1782073837.2967129
1,B,rudp,1mb,webserver.redes2.local,172.28.0.10,/file_1mb.bin,0.10050173600029666,0,92.56866003300001,92.66972127400004,1048576,0.09062038920094043,18,HTTP/1.1 200 OK,True,True,1782073930.319445
2,B,rudp,1mb,webserver.redes2.local,172.28.0.10,/file_1mb.bin,0.10051164699962101,0,74.29654809600015,74.39760994199969,1048576,0.11290710288667653,4,HTTP/1.1 200 OK,True,True,1782074005.0286973
3,B,rudp,1mb,webserver.redes2.local,172.28.0.10,/file_1mb.bin,0.10059858800013899,0,93.43951979200028,93.54082485000072,1048576,0.08977580384267109,20,HTTP/1.1 200 OK,True,True,1782074098.9339797
4,B,rudp,1mb,webserver.redes2.local,172.28.0.10,/file_1mb.bin,0.1010655019999831,0,82.50309763099995,82.6057598919997,1048576,0.10167627932612364,11,HTTP/1.1 200 OK,True,True,1782074181.858761
5,B,rudp,1mb,webserver.redes2.local,172.28.0.10,/file_1mb.bin,0.10083266800029378,0,74.48939004400017,74.59099481199974,1048576,0.11261480319606496,12,HTTP/1.1 200 OK,True,True,1782074256.8436494
6,B,rudp,1mb,webserver.redes2.local,172.28.0.10,/file_1mb.bin,0.10107654799958254,0,96.45226660200024,96.55409204600073,1048576,0.08697160051836497,13,HTTP/1.1 200 OK,True,True,1782074354.032602
7,B,rudp,1mb,webserver.redes2.local,172.28.0.10,/file_1mb.bin,0.10067017399978795,0,106.53506273099993,106.63633005999964,1048576,0.07874034881061796,14,HTTP/1.1 200 OK,True,True,1782074461.0622597
8,B,rudp,1mb,webserver.redes2.local,172.28.0.10,/file_1mb.bin,0.10110865699971328,0,82.44220012999995,82.5438593960007,1048576,0.10175138444597943,15,HTTP/1.1 200 OK,True,True,1782074543.9651518
9,B,rudp,1mb,webserver.redes2.local,172.28.0.10,/file_1mb.bin,0.10094049999952404,0,82.43798361999961,82.53950211499978,1048576,0.10175658879124874,11,HTTP/1.1 200 OK,True,True,1782074626.9435117
10,B,rudp,1mb,webserver.redes2.local,172.28.0.10,/file_1mb.bin,0.1007541980006863,0,98.47279978299957,98.57406904900017,1048576,0.08518705691810965,14,HTTP/1.1 200 OK,True,True,1782074725.8845975
1,B,tcp,10mb,webserver.redes2.local,172.28.0.10,/file_10mb.bin,0.10062811599982524,0,8.066927548999956,8.168171866999728,454487,0.450716332570848,0,HTTP/1.1 200 OK,True,True,1782074734.4684448
2,B,tcp,10mb,webserver.redes2.local,172.28.0.10,/file_10mb.bin,0.10110555200026283,0,9.657896027999413,9.759867269000097,1259575,1.043353538988897,0,HTTP/1.1 200 OK,True,True,1782074744.48316
3,B,tcp,10mb,webserver.redes2.local,172.28.0.10,/file_10mb.bin,0.10131644499961112,0,6.637927421000313,6.739681879000273,813591,0.980536180526535,0,HTTP/1.1 200 OK,True,True,1782074751.4905496
4,B,tcp,10mb,webserver.redes2.local,172.28.0.10,/file_10mb.bin,0.10056149400043068,0,6.324016984000082,6.424964025999543,657207,0.8313791713877428,0,HTTP/1.1 200 OK,True,True,1782074758.1833878
5,B,tcp,10mb,webserver.redes2.local,172.28.0.10,/file_10mb.bin,0.10054432100059785,0,6.514438565999626,6.615657790000114,384983,0.4727750471198744,0,HTTP/1.1 200 OK,True,True,1782074765.0806468
6,B,tcp,10mb,webserver.redes2.local,172.28.0.10,/file_10mb.bin,0.1007364619999862,0,11.141054282999903,11.242887327000062,1915519,1.375466954090967,0,HTTP/1.1 200 OK,True,True,1782074776.5851395
7,B,tcp,10mb,webserver.redes2.local,172.28.0.10,/file_10mb.bin,0.10093977399992582,0,10.159271282999725,10.26076510799976,1094503,0.8618752030622625,0,HTTP/1.1 200 OK,True,True,1782074787.0973375
8,B,tcp,10mb,webserver.redes2.local,172.28.0.10,/file_10mb.bin,0.10060336000060488,0,8.269875230999787,8.370863843000734,550055,0.5321047630204704,0,HTTP/1.1 200 OK,True,True,1782074795.7758899
9,B,tcp,10mb,webserver.redes2.local,172.28.0.10,/file_10mb.bin,1.1024604559997897,1,8.08137020399954,9.184184964000451,781735,0.773863817908614,0,HTTP/1.1 200 OK,True,True,1782074805.214098
10,B,tcp,10mb,webserver.redes2.local,172.28.0.10,/file_10mb.bin,1.1016832859995702,1,6.278823841999838,7.380805797999528,450143,0.5735379890595906,0,HTTP/1.1 200 OK,True,True,1782074812.8793147
1,B,rudp,10mb,webserver.redes2.local,172.28.0.10,/file_10mb.bin,1.1015908489998765,1,895.8937288500001,897.0022471950006,10485760,0.09363396271082179,161,HTTP/1.1 200 OK,True,True,1782075711.771788
2,B,rudp,10mb,webserver.redes2.local,172.28.0.10,/file_10mb.bin,0.10863836200041987,0,855.9684257679992,856.0819133790001,10485760,0.09800137186688285,146,HTTP/1.1 200 OK,True,True,1782076569.186162
3,B,rudp,10mb,webserver.redes2.local,172.28.0.10,/file_10mb.bin,0.10322252100013429,0,868.6570072739996,868.7667955259994,10485760,0.09656985357575075,132,HTTP/1.1 200 OK,True,True,1782077439.7255013
4,B,rudp,10mb,webserver.redes2.local,172.28.0.10,/file_10mb.bin,0.11037855200083868,0,893.5710781750004,893.6907329669993,10485760,0.09387734456594782,167,HTTP/1.1 200 OK,True,True,1782078335.9008074
5,B,rudp,10mb,webserver.redes2.local,172.28.0.10,/file_10mb.bin,2.103863022999576,2,875.6587476330005,877.7847459789991,10485760,0.09579768400276142,112,HTTP/1.1 200 OK,True,True,1782079215.9418151
6,B,rudp,10mb,webserver.redes2.local,172.28.0.10,/file_10mb.bin,0.11296208400017349,0,862.2728181289986,862.3973029869994,10485760,0.09728484794640761,160,HTTP/1.1 200 OK,True,True,1782080080.9104443
7,B,rudp,10mb,webserver.redes2.local,172.28.0.10,/file_10mb.bin,0.10596667800018622,0,852.6606630679998,852.7759389679995,10485760,0.09838155274827082,120,HTTP/1.1 200 OK,True,True,1782080936.376415
8,B,rudp,10mb,webserver.redes2.local,172.28.0.10,/file_10mb.bin,0.1034572990010929,0,848.5533328220008,848.6616759059998,10485760,0.09885775796911117,142,HTTP/1.1 200 OK,True,True,1782081788.2809944
9,B,rudp,10mb,webserver.redes2.local,172.28.0.10,/file_10mb.bin,0.10061977600162209,0,849.5977343920003,849.7033474690015,10485760,0.09873623316572472,131,HTTP/1.1 200 OK,True,True,1782082641.125209
10,B,rudp,10mb,webserver.redes2.local,172.28.0.10,/file_10mb.bin,1.102184045001195,1,901.8873985009996,902.9939023070001,10485760,0.0930116998412713,144,HTTP/1.1 200 OK,True,True,1782083545.8557026
1,C,tcp,100kb,webserver.redes2.local,172.28.0.10,/file_100kb.bin,0.2015923679991829,0,1.4245178219989612,1.6271441310000228,102400,0.5750717803238529,0,HTTP/1.1 200 OK,True,True,1782083549.7421951
2,C,tcp,100kb,webserver.redes2.local,172.28.0.10,/file_100kb.bin,0.2009030890003487,0,3.0490296040006797,3.250413062000007,102400,0.26867564648277437,0,HTTP/1.1 200 OK,True,True,1782083553.239636
3,C,tcp,100kb,webserver.redes2.local,172.28.0.10,/file_100kb.bin,0.20043240799896012,0,2.1651571959991998,2.3658291480005573,102400,0.37835590021534066,0,HTTP/1.1 200 OK,True,True,1782083555.8389156
4,C,tcp,100kb,webserver.redes2.local,172.28.0.10,/file_100kb.bin,0.20073123399924953,0,2.2058019989999593,2.4067435910001223,102400,0.3713841951233154,0,HTTP/1.1 200 OK,True,True,1782083558.4714766
5,C,tcp,100kb,webserver.redes2.local,172.28.0.10,/file_100kb.bin,2.2032021159993747,2,1.4030796730003203,3.606962382000347,102400,0.5838585048048179,0,HTTP/1.1 200 OK,True,True,1782083562.3201895
6,C,tcp,100kb,webserver.redes2.local,172.28.0.10,/file_100kb.bin,0.20082613500017032,0,2.606964099000834,2.8079895619994204,102400,0.3142352440963699,0,HTTP/1.1 200 OK,True,True,1782083565.4094114
7,C,tcp,100kb,webserver.redes2.local,172.28.0.10,/file_100kb.bin,0.20100596100019175,0,1.4046137669993186,1.606743323000046,102400,0.583220825003061,0,HTTP/1.1 200 OK,True,True,1782083567.263729
8,C,tcp,100kb,webserver.redes2.local,172.28.0.10,/file_100kb.bin,0.2005047510010627,0,3.0099521849988378,3.2109210250000615,102400,0.27216379186445994,0,HTTP/1.1 200 OK,True,True,1782083570.8515196
9,C,tcp,100kb,webserver.redes2.local,172.28.0.10,/file_100kb.bin,1.2035025850000238,1,1.4061088240014215,2.610151131000748,102400,0.5826007105685952,0,HTTP/1.1 200 OK,True,True,1782083573.7171304
10,C,tcp,100kb,webserver.redes2.local,172.28.0.10,/file_100kb.bin,0.20065087100010714,0,1.4057192350010155,1.6065551659994526,102400,0.5827621758333613,0,HTTP/1.1 200 OK,True,True,1782083575.581661
1,C,tcp,1mb,webserver.redes2.local,172.28.0.10,/file_1mb.bin,0.2013319750003575,0,14.055162298998766,14.25683330299944,453040,0.2578639735990941,0,HTTP/1.1 200 OK,True,True,1782083741.7200518
2,C,tcp,1mb,webserver.redes2.local,172.28.0.10,/file_1mb.bin,0.20041059499999392,0,14.469438165999236,14.670041123999908,419736,0.23206761461481457,0,HTTP/1.1 200 OK,True,True,1782083756.6883547
3,C,tcp,1mb,webserver.redes2.local,172.28.0.10,/file_1mb.bin,0.20136316300158796,0,8.467308145000061,8.668835290000061,298104,0.28165173147834965,0,HTTP/1.1 200 OK,True,True,1782083765.605371
4,C,tcp,1mb,webserver.redes2.local,172.28.0.10,/file_1mb.bin,0.20052574100009224,0,8.608060267000837,8.809750624001026,324168,0.30126926619480504,0,HTTP/1.1 200 OK,True,True,1782083774.6902645
5,C,tcp,1mb,webserver.redes2.local,172.28.0.10,/file_1mb.bin,0.20094624599914823,0,13.393605818000651,13.59550426199894,629696,0.3761173852996063,0,HTTP/1.1 200 OK,True,True,1782083788.570609
6,C,tcp,1mb,webserver.redes2.local,172.28.0.10,/file_1mb.bin,0.20128483200096525,0,10.863453883001057,11.065748742999858,455936,0.33575767332225026,0,HTTP/1.1 200 OK,True,True,1782083799.8813193
7,C,tcp,1mb,webserver.redes2.local,172.28.0.10,/file_1mb.bin,0.2006954870012123,0,15.732578257999194,15.933688717999758,890336,0.4527349480291627,0,HTTP/1.1 200 OK,True,True,1782083816.106175
8,C,tcp,1mb,webserver.redes2.local,172.28.0.10,/file_1mb.bin,0.2004689130008046,0,10.19865165200099,10.399318910000147,143168,0.11230347295716114,0,HTTP/1.1 200 OK,True,True,1782083826.7525406
9,C,tcp,1mb,webserver.redes2.local,172.28.0.10,/file_1mb.bin,0.20038078200013842,0,8.528088281000237,8.728715344999728,221360,0.2076526346409137,0,HTTP/1.1 200 OK,True,True,1782083835.7255564
10,C,tcp,1mb,webserver.redes2.local,172.28.0.10,/file_1mb.bin,1.2017158819999167,1,12.080772695000633,13.28314649999993,305344,0.20220163574560757,0,HTTP/1.1 200 OK,True,True,1782083849.4532719
1,C,rudp,1mb,webserver.redes2.local,172.28.0.10,/file_1mb.bin,0.20042773699969985,0,4.507325684000534,4.712627638000413,0,0.0,0,,,False,1782083854.5248523
2,C,rudp,1mb,webserver.redes2.local,172.28.0.10,/file_1mb.bin,1.2016441689993371,1,207.67459174299984,208.87702632400033,1048576,0.04039303956056896,35,HTTP/1.1 200 OK,True,True,1782084064.1706417
3,C,rudp,1mb,webserver.redes2.local,172.28.0.10,/file_1mb.bin,3.203916549000496,3,176.7062124740005,179.91066454799875,1048576,0.04747206044741777,21,HTTP/1.1 200 OK,True,True,1782084244.8851674
4,C,rudp,1mb,webserver.redes2.local,172.28.0.10,/file_1mb.bin,1.2124613989999489,1,179.59132553900054,180.80423497800075,1048576,0.046709427500596666,29,HTTP/1.1 200 OK,True,True,1782084426.6904824
5,C,rudp,1mb,webserver.redes2.local,172.28.0.10,/file_1mb.bin,0.2004920020008285,0,176.26808349599924,176.46992790399963,1048576,0.047590056200902627,23,HTTP/1.1 200 OK,True,True,1782084603.7515574
6,C,rudp,1mb,webserver.redes2.local,172.28.0.10,/file_1mb.bin,0.20053471400024137,0,173.33211561899952,173.53348388400082,1048576,0.04839615538091601,30,HTTP/1.1 200 OK,True,True,1782084777.9719906
7,C,rudp,1mb,webserver.redes2.local,172.28.0.10,/file_1mb.bin,0.20100862700019206,0,12.213484075999077,12.414589799000169,0,0.0,0,,,False,1782084790.656432
8,C,rudp,1mb,webserver.redes2.local,172.28.0.10,/file_1mb.bin,0.20048610800040478,0,183.66937958299968,183.87040320800043,1048576,0.04567232719490519,24,HTTP/1.1 200 OK,True,True,1782084974.9313745
9,C,rudp,1mb,webserver.redes2.local,172.28.0.10,/file_1mb.bin,1.2018406329989375,1,178.7722338980002,179.97528077400057,1048576,0.046923438931720136,31,HTTP/1.1 200 OK,True,True,1782085155.4267542
10,C,rudp,1mb,webserver.redes2.local,172.28.0.10,/file_1mb.bin,0.20089066500077024,0,171.68545639500007,171.88678117900054,1048576,0.048860329675800646,27,HTTP/1.1 200 OK,True,True,1782085328.0441341
1,C,tcp,10mb,webserver.redes2.local,172.28.0.10,/file_10mb.bin,0.20069480500023928,0,14.546124884000164,14.747170742997696,453039,0.24915996726980658,0,HTTP/1.1 200 OK,True,True,1782085343.1359012
2,C,tcp,10mb,webserver.redes2.local,172.28.0.10,/file_10mb.bin,1.202230556998984,1,8.334016901000723,9.536531988000206,300999,0.28893533917730063,0,HTTP/1.1 200 OK,True,True,1782085353.0135324
3,C,tcp,10mb,webserver.redes2.local,172.28.0.10,/file_10mb.bin,0.2012972950033145,0,10.921321428002557,11.123537890998705,629695,0.461259201389638,0,HTTP/1.1 200 OK,True,True,1782085364.4095356
4,C,tcp,10mb,webserver.redes2.local,172.28.0.10,/file_10mb.bin,0.20090264000100433,0,14.997277991998999,15.199360570000863,300999,0.1605619367250948,0,HTTP/1.1 200 OK,True,True,1782085379.972432
5,C,tcp,10mb,webserver.redes2.local,172.28.0.10,/file_10mb.bin,0.2055458360009652,0,19.06631832799758,19.27206424600081,499375,0.20953180007141795,0,HTTP/1.1 200 OK,True,True,1782085399.5336535
6,C,tcp,10mb,webserver.redes2.local,172.28.0.10,/file_10mb.bin,0.20071312000072794,0,15.236623394001072,15.437805297999148,583359,0.30629305977579196,0,HTTP/1.1 200 OK,True,True,1782085415.3101385
7,C,tcp,10mb,webserver.redes2.local,172.28.0.10,/file_10mb.bin,0.20080304899965995,0,11.27479529500124,11.475799437997921,351679,0.2495328674612261,0,HTTP/1.1 200 OK,True,True,1782085427.0463963
8,C,tcp,10mb,webserver.redes2.local,172.28.0.10,/file_10mb.bin,0.2010005119991547,0,10.209998081001686,10.411157559999992,208327,0.16323372313861306,0,HTTP/1.1 200 OK,True,True,1782085437.7851398
9,C,tcp,10mb,webserver.redes2.local,172.28.0.10,/file_10mb.bin,0.2015882409978076,0,13.329645705001894,13.531633525999496,458831,0.27537476098277724,0,HTTP/1.1 200 OK,True,True,1782085451.5669487
10,C,tcp,10mb,webserver.redes2.local,172.28.0.10,/file_10mb.bin,0.20046112999989418,0,11.47120434399767,11.671815967998555,366159,0.25535871493150997,0,HTTP/1.1 200 OK,True,True,1782085463.4903839
1,C,rudp,10mb,webserver.redes2.local,172.28.0.10,/file_10mb.bin,0.20502327199938009,0,1863.2835660349992,1863.503720501998,10485760,0.04502056559136974,287,HTTP/1.1 200 OK,True,True,1782087333.688197
2,C,rudp,10mb,webserver.redes2.local,172.28.0.10,/file_10mb.bin,0.20901364900055341,0,1823.265747739999,1823.4892558730025,10485760,0.04600869626601591,290,HTTP/1.1 200 OK,True,True,1782089164.471363
3,C,rudp,10mb,webserver.redes2.local,172.28.0.10,/file_10mb.bin,0.20456492099765455,0,1848.5690461270024,1848.7872444480017,10485760,0.04537892710891837,293,HTTP/1.1 200 OK,True,True,1782091023.1947305
4,C,rudp,10mb,webserver.redes2.local,172.28.0.10,/file_10mb.bin,0.20746303700070712,0,1842.6612856879983,1842.8891289979983,10485760,0.04552441658786969,266,HTTP/1.1 200 OK,True,True,1782092875.315375
5,C,rudp,10mb,webserver.redes2.local,172.28.0.10,/file_10mb.bin,0.2057709500004421,0,1864.8675685569979,1865.1002825140022,10485760,0.04498232550899558,288,HTTP/1.1 200 OK,True,True,1782094750.5173798
6,C,rudp,10mb,webserver.redes2.local,172.28.0.10,/file_10mb.bin,0.21727352699963376,0,1901.282889484999,1901.528373784,10485760,0.04412077785159169,278,HTTP/1.1 200 OK,True,True,1782096663.9274514
7,C,rudp,10mb,webserver.redes2.local,172.28.0.10,/file_10mb.bin,0.20633802500015008,0,1891.1815533189983,1891.4138974950001,10485760,0.04435643941893418,304,HTTP/1.1 200 OK,True,True,1782098568.8511918
8,C,rudp,10mb,webserver.redes2.local,172.28.0.10,/file_10mb.bin,0.2048693920005462,0,11.21441518699794,11.419523315998958,0,0.0,0,,,False,1782098580.6633177
9,C,rudp,10mb,webserver.redes2.local,172.28.0.10,/file_10mb.bin,0.2034997230002773,0,1891.8806400329995,1892.1100222479981,10485760,0.04434004885135713,262,HTTP/1.1 200 OK,True,True,1782100516.7412078
10,C,rudp,10mb,webserver.redes2.local,172.28.0.10,/file_10mb.bin,0.20818773899736698,0,1080.2439055510004,1080.4683442819987,5680967,0.042071735620501795,166,HTTP/1.1 200 OK,True,True,1782101624.846297
1,C,rudp,100kb,webserver.redes2.local,172.28.0.10,/file_100kb.bin,0.4046303639988764,0,16.252359545003856,16.657680428004824,102400,0.050404988748346424,3,HTTP/1.1 200 OK,True,True,1782143882.0941188
2,C,rudp,100kb,webserver.redes2.local,172.28.0.10,/file_100kb.bin,0.20089824800379574,0,16.062607576997834,16.263633980001032,102400,0.05100043663975957,2,HTTP/1.1 200 OK,True,True,1782143898.7356503
3,C,rudp,100kb,webserver.redes2.local,172.28.0.10,/file_100kb.bin,0.20165301499946509,0,4.310724848000973,4.5133946369969635,0,0.0,0,,,False,1782143903.639928
4,C,rudp,100kb,webserver.redes2.local,172.28.0.10,/file_100kb.bin,0.20253124400187517,0,27.009555643002386,27.21234751600423,102400,0.030330006566110897,5,HTTP/1.1 200 OK,True,True,1782143931.2105536
5,C,rudp,100kb,webserver.redes2.local,172.28.0.10,/file_100kb.bin,0.20138157700421289,0,17.049459595997178,17.25104373099748,102400,0.04804844372852318,0,HTTP/1.1 200 OK,True,True,1782143948.8190658
6,C,rudp,100kb,webserver.redes2.local,172.28.0.10,/file_100kb.bin,3.20477823499823,3,19.04999570899963,22.255014301998017,102400,0.04300263435823201,4,HTTP/1.1 200 OK,True,True,1782143971.4834824
7,C,rudp,100kb,webserver.redes2.local,172.28.0.10,/file_100kb.bin,0.20193491700047161,0,19.043095884997456,19.245189943001606,102400,0.043018215365148826,4,HTTP/1.1 200 OK,True,True,1782143991.082582
8,C,rudp,100kb,webserver.redes2.local,172.28.0.10,/file_100kb.bin,1.202492803997302,1,16.04160562200559,17.24424500099849,102400,0.05106720731721742,0,HTTP/1.1 200 OK,True,True,1782144008.7193675
9,C,rudp,100kb,webserver.redes2.local,172.28.0.10,/file_100kb.bin,0.20086485300271306,0,24.997093964004307,25.19809843799885,102400,0.032771809442315336,4,HTTP/1.1 200 OK,True,True,1782144034.2727923
10,C,rudp,100kb,webserver.redes2.local,172.28.0.10,/file_100kb.bin,0.20285889400111046,0,10.013606768996397,10.216564251000818,0,0.0,0,,,False,1782144044.8673246
